Workbook

Sheet Lookup
A1: Product ID | B1: Product | C1: Category | D1: Unit Price | E1: Units | F1: Revenue | G1: VLOOKUP Price Check | H1: INDEX/MATCH Category
A2: P001 | B2: =VLOOKUP(A2,Products!$A$2:$F$9,2,FALSE()) -> Laptop | C2: =VLOOKUP(A2,Products!$A$2:$F$9,3,FALSE()) -> Electronics | D2: =VLOOKUP(A2,Products!$A$2:$F$9,4,FALSE()) -> 65000 | E2: 2 | F2: =D2*E2 -> 130000 | G2: =VLOOKUP(A2,Products!$A$2:$F$9,4,FALSE()) -> 65000 | H2: =INDEX(Products!$C$2:$C$9,MATCH(A2,Products!$A$2:$A$9,0)) -> Electronics
A3: P003 | B3: =VLOOKUP(A3,Products!$A$2:$F$9,2,FALSE()) -> Keyboard | C3: =VLOOKUP(A3,Products!$A$2:$F$9,3,FALSE()) -> Accessories | D3: =VLOOKUP(A3,Products!$A$2:$F$9,4,FALSE()) -> 2500 | E3: 10 | F3: =D3*E3 -> 25000 | G3: =VLOOKUP(A3,Products!$A$2:$F$9,4,FALSE()) -> 2500 | H3: =INDEX(Products!$C$2:$C$9,MATCH(A3,Products!$A$2:$A$9,0)) -> Accessories
A4: P005 | B4: =VLOOKUP(A4,Products!$A$2:$F$9,2,FALSE()) -> Desk | C4: =VLOOKUP(A4,Products!$A$2:$F$9,3,FALSE()) -> Furniture | D4: =VLOOKUP(A4,Products!$A$2:$F$9,4,FALSE()) -> 12000 | E4: 4 | F4: =D4*E4 -> 48000 | G4: =VLOOKUP(A4,Products!$A$2:$F$9,4,FALSE()) -> 12000 | H4: =INDEX(Products!$C$2:$C$9,MATCH(A4,Products!$A$2:$A$9,0)) -> Furniture
A5: P002 | B5: =VLOOKUP(A5,Products!$A$2:$F$9,2,FALSE()) -> Monitor | C5: =VLOOKUP(A5,Products!$A$2:$F$9,3,FALSE()) -> Electronics | D5: =VLOOKUP(A5,Products!$A$2:$F$9,4,FALSE()) -> 18000 | E5: 8 | F5: =D5*E5 -> 144000 | G5: =VLOOKUP(A5,Products!$A$2:$F$9,4,FALSE()) -> 18000 | H5: =INDEX(Products!$C$2:$C$9,MATCH(A5,Products!$A$2:$A$9,0)) -> Electronics
A6: P004 | B6: =VLOOKUP(A6,Products!$A$2:$F$9,2,FALSE()) -> Mouse | C6: =VLOOKUP(A6,Products!$A$2:$F$9,3,FALSE()) -> Accessories | D6: =VLOOKUP(A6,Products!$A$2:$F$9,4,FALSE()) -> 1500 | E6: 15 | F6: =D6*E6 -> 22500 | G6: =VLOOKUP(A6,Products!$A$2:$F$9,4,FALSE()) -> 1500 | H6: =INDEX(Products!$C$2:$C$9,MATCH(A6,Products!$A$2:$A$9,0)) -> Accessories
A7: P006 | B7: =VLOOKUP(A7,Products!$A$2:$F$9,2,FALSE()) -> Chair | C7: =VLOOKUP(A7,Products!$A$2:$F$9,3,FALSE()) -> Furniture | D7: =VLOOKUP(A7,Products!$A$2:$F$9,4,FALSE()) -> 9000 | E7: 5 | F7: =D7*E7 -> 45000 | G7: =VLOOKUP(A7,Products!$A$2:$F$9,4,FALSE()) -> 9000 | H7: =INDEX(Products!$C$2:$C$9,MATCH(A7,Products!$A$2:$A$9,0)) -> Furniture
A8: P007 | B8: =VLOOKUP(A8,Products!$A$2:$F$9,2,FALSE()) -> Headset | C8: =VLOOKUP(A8,Products!$A$2:$F$9,3,FALSE()) -> Accessories | D8: =VLOOKUP(A8,Products!$A$2:$F$9,4,FALSE()) -> 3500 | E8: 12 | F8: =D8*E8 -> 42000 | G8: =VLOOKUP(A8,Products!$A$2:$F$9,4,FALSE()) -> 3500 | H8: =INDEX(Products!$C$2:$C$9,MATCH(A8,Products!$A$2:$A$9,0)) -> Accessories
A9: P008 | B9: =VLOOKUP(A9,Products!$A$2:$F$9,2,FALSE()) -> Printer | C9: =VLOOKUP(A9,Products!$A$2:$F$9,3,FALSE()) -> Electronics | D9: =VLOOKUP(A9,Products!$A$2:$F$9,4,FALSE()) -> 22000 | E9: 3 | F9: =D9*E9 -> 66000 | G9: =VLOOKUP(A9,Products!$A$2:$F$9,4,FALSE()) -> 22000 | H9: =INDEX(Products!$C$2:$C$9,MATCH(A9,Products!$A$2:$A$9,0)) -> Electronics
A10: P002 | B10: =VLOOKUP(A10,Products!$A$2:$F$9,2,FALSE()) -> Monitor | C10: =VLOOKUP(A10,Products!$A$2:$F$9,3,FALSE()) -> Electronics | D10: =VLOOKUP(A10,Products!$A$2:$F$9,4,FALSE()) -> 18000 | E10: 7 | F10: =D10*E10 -> 126000 | G10: =VLOOKUP(A10,Products!$A$2:$F$9,4,FALSE()) -> 18000 | H10: =INDEX(Products!$C$2:$C$9,MATCH(A10,Products!$A$2:$A$9,0)) -> Electronics
A11: P001 | B11: =VLOOKUP(A11,Products!$A$2:$F$9,2,FALSE()) -> Laptop | C11: =VLOOKUP(A11,Products!$A$2:$F$9,3,FALSE()) -> Electronics | D11: =VLOOKUP(A11,Products!$A$2:$F$9,4,FALSE()) -> 65000 | E11: 3 | F11: =D11*E11 -> 195000 | G11: =VLOOKUP(A11,Products!$A$2:$F$9,4,FALSE()) -> 65000 | H11: =INDEX(Products!$C$2:$C$9,MATCH(A11,Products!$A$2:$A$9,0)) -> Electronics
A12: P003 | B12: =VLOOKUP(A12,Products!$A$2:$F$9,2,FALSE()) -> Keyboard | C12: =VLOOKUP(A12,Products!$A$2:$F$9,3,FALSE()) -> Accessories | D12: =VLOOKUP(A12,Products!$A$2:$F$9,4,FALSE()) -> 2500 | E12: 20 | F12: =D12*E12 -> 50000 | G12: =VLOOKUP(A12,Products!$A$2:$F$9,4,FALSE()) -> 2500 | H12: =INDEX(Products!$C$2:$C$9,MATCH(A12,Products!$A$2:$A$9,0)) -> Accessories
A13: P005 | B13: =VLOOKUP(A13,Products!$A$2:$F$9,2,FALSE()) -> Desk | C13: =VLOOKUP(A13,Products!$A$2:$F$9,3,FALSE()) -> Furniture | D13: =VLOOKUP(A13,Products!$A$2:$F$9,4,FALSE()) -> 12000 | E13: 6 | F13: =D13*E13 -> 72000 | G13: =VLOOKUP(A13,Products!$A$2:$F$9,4,FALSE()) -> 12000 | H13: =INDEX(Products!$C$2:$C$9,MATCH(A13,Products!$A$2:$A$9,0)) -> Furniture
... A25: P001 | B25: =VLOOKUP(A25,Products!$A$2:$F$9,2,FALSE()) -> Laptop | C25: =VLOOKUP(A25,Products!$A$2:$F$9,3,FALSE()) -> Electronics | D25: =VLOOKUP(A25,Products!$A$2:$F$9,4,FALSE()) -> 65000 | E25: 2 | F25: =D25*E25 -> 130000 | G25: =VLOOKUP(A25,Products!$A$2:$F$9,4,FALSE()) -> 65000 | H25: =INDEX(Products!$C$2:$C$9,MATCH(A25,Products!$A$2:$A$9,0)) -> Electronics

Sheet Products
A1: Product ID | B1: Product | C1: Category | D1: Unit Price | E1: Stock | F1: Discount
A2: P001 | B2: Laptop | C2: Electronics | D2: 65000 | E2: 12 | F2: 0.12
A3: P002 | B3: Monitor | C3: Electronics | D3: 18000 | E3: 25 | F3: 0.08
A4: P003 | B4: Keyboard | C4: Accessories | D4: 2500 | E4: 60 | F4: 0.05
A5: P004 | B5: Mouse | C5: Accessories | D5: 1500 | E5: 85 | F5: 0.04
A6: P005 | B6: Desk | C6: Furniture | D6: 12000 | E6: 18 | F6: 0.1
A7: P006 | B7: Chair | C7: Furniture | D7: 9000 | E7: 22 | F7: 0.09
A8: P007 | B8: Headset | C8: Accessories | D8: 3500 | E8: 40 | F8: 0.06
A9: P008 | B9: Printer | C9: Electronics | D9: 22000 | E9: 14 | F9: 0.11
