Workbook

Sheet Pivot Data
A1: Date | B1: Month | C1: Region | D1: Product ID | E1: Units | F1: Revenue
A2: 46027 | B2: Jan | C2: North | D2: P001 | E2: 2 | F2: 130000
A3: 46030 | B3: Jan | C3: West | D3: P003 | E3: 10 | F3: 25000
A4: 46034 | B4: Jan | C4: South | D4: P005 | E4: 4 | F4: 48000
A5: 46040 | B5: Jan | C5: East | D5: P002 | E5: 8 | F5: 144000
A6: 46056 | B6: Feb | C6: North | D6: P004 | E6: 15 | F6: 22500
A7: 46063 | B7: Feb | C7: West | D7: P006 | E7: 5 | F7: 45000
A8: 46067 | B8: Feb | C8: South | D8: P007 | E8: 12 | F8: 42000
A9: 46074 | B9: Feb | C9: East | D9: P008 | E9: 3 | F9: 66000
A10: 46083 | B10: Mar | C10: North | D10: P002 | E10: 7 | F10: 126000
A11: 46090 | B11: Mar | C11: West | D11: P001 | E11: 3 | F11: 195000
A12: 46096 | B12: Mar | C12: South | D12: P003 | E12: 20 | F12: 50000
A13: 46103 | B13: Mar | C13: East | D13: P005 | E13: 6 | F13: 72000
... A25: 46197 | B25: Jun | C25: East | D25: P001 | E25: 2 | F25: 130000

Sheet Pivot Analysis
A1: Month | B1: North | C1: West | D1: South | E1: East | F1: Grand Total
A2: Jan | B2: =SUMPRODUCT(('Pivot Data'!$B$2:$B$25=$A2)*('Pivot Data'!$C$2:$C$25=B$1)*('Pivot Data'!$F$2:$F$25)) -> 130000 | C2: =SUMPRODUCT(('Pivot Data'!$B$2:$B$25=$A2)*('Pivot Data'!$C$2:$C$25=C$1)*('Pivot Data'!$F$2:$F$25)) -> 25000 | D2: =SUMPRODUCT(('Pivot Data'!$B$2:$B$25=$A2)*('Pivot Data'!$C$2:$C$25=D$1)*('Pivot Data'!$F$2:$F$25)) -> 48000 | E2: =SUMPRODUCT(('Pivot Data'!$B$2:$B$25=$A2)*('Pivot Data'!$C$2:$C$25=E$1)*('Pivot Data'!$F$2:$F$25)) -> 144000 | F2: =SUM(B2:E2) -> 347000
A3: Feb | B3: =SUMPRODUCT(('Pivot Data'!$B$2:$B$25=$A3)*('Pivot Data'!$C$2:$C$25=B$1)*('Pivot Data'!$F$2:$F$25)) -> 22500 | C3: =SUMPRODUCT(('Pivot Data'!$B$2:$B$25=$A3)*('Pivot Data'!$C$2:$C$25=C$1)*('Pivot Data'!$F$2:$F$25)) -> 45000 | D3: =SUMPRODUCT(('Pivot Data'!$B$2:$B$25=$A3)*('Pivot Data'!$C$2:$C$25=D$1)*('Pivot Data'!$F$2:$F$25)) -> 42000 | E3: =SUMPRODUCT(('Pivot Data'!$B$2:$B$25=$A3)*('Pivot Data'!$C$2:$C$25=E$1)*('Pivot Data'!$F$2:$F$25)) -> 66000 | F3: =SUM(B3:E3) -> 175500
A4: Mar | B4: =SUMPRODUCT(('Pivot Data'!$B$2:$B$25=$A4)*('Pivot Data'!$C$2:$C$25=B$1)*('Pivot Data'!$F$2:$F$25)) -> 126000 | C4: =SUMPRODUCT(('Pivot Data'!$B$2:$B$25=$A4)*('Pivot Data'!$C$2:$C$25=C$1)*('Pivot Data'!$F$2:$F$25)) -> 195000 | D4: =SUMPRODUCT(('Pivot Data'!$B$2:$B$25=$A4)*('Pivot Data'!$C$2:$C$25=D$1)*('Pivot Data'!$F$2:$F$25)) -> 50000 | E4: =SUMPRODUCT(('Pivot Data'!$B$2:$B$25=$A4)*('Pivot Data'!$C$2:$C$25=E$1)*('Pivot Data'!$F$2:$F$25)) -> 72000 | F4: =SUM(B4:E4) -> 443000
A5: Apr | B5: =SUMPRODUCT(('Pivot Data'!$B$2:$B$25=$A5)*('Pivot Data'!$C$2:$C$25=B$1)*('Pivot Data'!$F$2:$F$25)) -> 63000 | C5: =SUMPRODUCT(('Pivot Data'!$B$2:$B$25=$A5)*('Pivot Data'!$C$2:$C$25=C$1)*('Pivot Data'!$F$2:$F$25)) -> 88000 | D5: =SUMPRODUCT(('Pivot Data'!$B$2:$B$25=$A5)*('Pivot Data'!$C$2:$C$25=D$1)*('Pivot Data'!$F$2:$F$25)) -> 37500 | E5: =SUMPRODUCT(('Pivot Data'!$B$2:$B$25=$A5)*('Pivot Data'!$C$2:$C$25=E$1)*('Pivot Data'!$F$2:$F$25)) -> 52500 | F5: =SUM(B5:E5) -> 241000
A6: May | B6: =SUMPRODUCT(('Pivot Data'!$B$2:$B$25=$A6)*('Pivot Data'!$C$2:$C$25=B$1)*('Pivot Data'!$F$2:$F$25)) -> 65000 | C6: =SUMPRODUCT(('Pivot Data'!$B$2:$B$25=$A6)*('Pivot Data'!$C$2:$C$25=C$1)*('Pivot Data'!$F$2:$F$25)) -> 180000 | D6: =SUMPRODUCT(('Pivot Data'!$B$2:$B$25=$A6)*('Pivot Data'!$C$2:$C$25=D$1)*('Pivot Data'!$F$2:$F$25)) -> 72000 | E6: =SUMPRODUCT(('Pivot Data'!$B$2:$B$25=$A6)*('Pivot Data'!$C$2:$C$25=E$1)*('Pivot Data'!$F$2:$F$25)) -> 75000 | F6: =SUM(B6:E6) -> 392000
A7: Jun | B7: =SUMPRODUCT(('Pivot Data'!$B$2:$B$25=$A7)*('Pivot Data'!$C$2:$C$25=B$1)*('Pivot Data'!$F$2:$F$25)) -> 110000 | C7: =SUMPRODUCT(('Pivot Data'!$B$2:$B$25=$A7)*('Pivot Data'!$C$2:$C$25=C$1)*('Pivot Data'!$F$2:$F$25)) -> 60000 | D7: =SUMPRODUCT(('Pivot Data'!$B$2:$B$25=$A7)*('Pivot Data'!$C$2:$C$25=D$1)*('Pivot Data'!$F$2:$F$25)) -> 60000 | E7: =SUMPRODUCT(('Pivot Data'!$B$2:$B$25=$A7)*('Pivot Data'!$C$2:$C$25=E$1)*('Pivot Data'!$F$2:$F$25)) -> 130000 | F7: =SUM(B7:E7) -> 360000
A9: Region Total | B9: =SUM(B2:B7) -> 516500 | C9: =SUM(C2:C7) -> 593000 | D9: =SUM(D2:D7) -> 309500 | E9: =SUM(E2:E7) -> 539500 | F9: =SUM(F2:F7) -> 1958500
A11: Highest Month | B11: =INDEX(A2:A7,MATCH(MAX(F2:F7),F2:F7,0)) -> Mar
A12: Average Monthly Revenue | B12: =AVERAGE(F2:F7) -> 326416.67
